<!DOCTYPE mapper
    PUBLIC "-//mybatis.org//DTD Mapper 3.0//EN"
    "https://mybatis.org/dtd/mybatis-3-mapper.dtd">

<!--<mapper namespace="com.boot.dao.PageDAO">-->
<!--    <select id="listWithPaging" resultType="com.boot.dto.BoardDTO">-->
<!--	 <![CDATA[ ]]> my batis 에서 특수문자 인식 처리 ! -->
<!--    	<![CDATA[-->
<!--			select boardNo, boardName, boardTitle, boardContent, boardDate, boardHit -->
<!--				from ( select rownum , boardNo, boardName, boardTitle, boardContent, boardDate, boardHit-->
<!--					 from( select row_number() over(order by boardNo desc) as rownum-->
<!--								, boardNo, boardName, boardTitle, boardContent, boardDate, boardHit-->
<!--							 from tbl_board-->
<!--							order by boardNo desc-->
<!--						 ) a-->
<!--					where rownum <= (#{pageNum} * #{amount})-->
<!--				) aa-->
<!--			where rownum > (#{pageNum}-1)* #{amount}-->
<!--		]]>-->
<!--    </select>-->

<mapper namespace="com.boot.dao.PageDAO">

	<sql id="criteria">
		<!--	1번 방법	-->
<!--		<if test="type == 'T'.toString()"></if>		-->
		<!--	2번 방법	-->
		<if test='type == "T"'>
			where boardTitle like concat('%',#{keyword},'%')
		</if>
		<if test='type == "C"'>
			where boardContent like concat('%',#{keyword},'%') 
		</if>
		<if test='type == "W"'>
			where boardName  like concat('%',#{keyword},'%') 
		</if>
		<if test='type == "TC"'>
			where boardTitle like concat('%',#{keyword},'%') or boardContent like concat('%',#{keyword},'%') 
		</if>
		<if test='type == "TW"'>
			where boardTitle like concat('%',#{keyword},'%') or boardName like concat('%',#{keyword},'%') 
		</if>
		<if test='type == "TCW"'>
			where boardTitle like concat('%',#{keyword},'%') or boardName like concat('%',#{keyword},'%') or boardContent like concat('%',#{keyword},'%')
		</if>
	</sql>
	
    <select id="listWithPaging" resultType="com.boot.dto.BoardDTO">
	 <!--<![CDATA[ ]]> my batis 에서 특수문자 인식 처리 ! -->
    	<![CDATA[
			select boardNo, boardName, boardTitle, boardContent, boardDate, boardHit 
				from ( select rownum , boardNo, boardName, boardTitle, boardContent, boardDate, boardHit
					 from( select row_number() over(order by boardNo desc) as rownum
								, boardNo, boardName, boardTitle, boardContent, boardDate, boardHit
							 from tbl_board
							 ]]>
							 <include refid="criteria"></include>
							 <![CDATA[
							order by boardNo desc
						 ) a
					where rownum <= (#{pageNum} * #{amount})
				) aa
			where rownum > (#{pageNum}-1)* #{amount}
		]]>
    </select>
    
    <select id="getTotalCount" resultType="int">
		select count(*)	from tb1_board <include refid="criteria"></include>
    </select>
    
</mapper>



